date_detected,timestamp,title,slug,outcome,type,side,price,size,usdcSize,asset,transactionHash
2026-05-26 15:08:36,1779800912,"Will the price of Bitcoin be above $76,000 on May 26?",bitcoin-above-76k-on-may-26-2026,Yes,TRADE,BUY,0.953,6301,6004.853,101696400522904383879910424453274795510574484165894079507232485023663200731882,0x66c359f34ab04d7e840a5a8fc623fe2b125aa15d4d36323756bf3918e8aff324
2026-05-26 15:08:36,1779800912,"Will the price of Bitcoin be between $76,000 and $78,000 on May 26?",will-the-price-of-bitcoin-be-between-76000-78000-on-may-26-2026,Yes,TRADE,BUY,0.9,70.18,63.162,27816498921535806143796071076973933680747500966093816317112273250888220177007,0x9560e980c9f6b1ca07d869175964f7e692df2db294e89ae1adfea93aec5e5038
2026-05-26 15:08:36,1779800853,"Will the price of Bitcoin be above $76,000 on May 26?",bitcoin-above-76k-on-may-26-2026,Yes,TRADE,BUY,0.9508571526842382,70.010514,66.798998,101696400522904383879910424453274795510574484165894079507232485023663200731882,0x7b95868baea3b6503ab2e726157536f90b6b0ec14feba8ef2d8d021fa56b5bac
2026-05-26 15:08:36,1779800846,"Will the price of Bitcoin be between $78,000 and $80,000 on May 26?",will-the-price-of-bitcoin-be-between-78000-80000-on-may-26-2026,No,TRADE,BUY,0.94,70,66.07636,89825981471271232929499222091693176490611251677486306330362067390787902252899,0x5faaa4b31ad7c8ca6153864328e7e95dbc73d0fa294c8e438701daf0ffebdc95
2026-05-26 15:08:36,1779800844,"Will the price of Bitcoin be between $78,000 and $80,000 on May 26?",will-the-price-of-bitcoin-be-between-78000-80000-on-may-26-2026,No,TRADE,BUY,0.94,40,37.75792,89825981471271232929499222091693176490611251677486306330362067390787902252899,0x235705c538c555564de780c00e7ee0b9254d9dad3c1ab645d251cf61f6670dc0
2026-05-26 15:08:36,1779800844,"Will the price of Bitcoin be between $76,000 and $78,000 on May 26?",will-the-price-of-bitcoin-be-between-76000-78000-on-may-26-2026,Yes,TRADE,BUY,0.9,120,108.756,27816498921535806143796071076973933680747500966093816317112273250888220177007,0x0dca417481629302efe5ea00854dd9320e7da94d2efce69c78c37580f0f0a139
2026-05-26 15:08:36,1779800844,"Will the price of Bitcoin be between $78,000 and $80,000 on May 26?",will-the-price-of-bitcoin-be-between-78000-80000-on-may-26-2026,No,TRADE,BUY,0.94,1.24,1.17049,89825981471271232929499222091693176490611251677486306330362067390787902252899,0xc6b2184c48313ce864b24fc7360c90924bbc83d8f26793a081b346258c317ab5
2026-05-26 15:08:36,1779800840,"Will the price of Bitcoin be between $78,000 and $80,000 on May 26?",will-the-price-of-bitcoin-be-between-78000-80000-on-may-26-2026,No,TRADE,BUY,0.94,70,66.07636,89825981471271232929499222091693176490611251677486306330362067390787902252899,0xf4ec01222bbdb2faf39aa94d89c25c734435a6c72898d0f6459b20fd2978120d
2026-05-26 15:08:36,1779800840,"Will the price of Bitcoin be between $78,000 and $80,000 on May 26?",will-the-price-of-bitcoin-be-between-78000-80000-on-may-26-2026,No,TRADE,BUY,0.94,240,226.54752,89825981471271232929499222091693176490611251677486306330362067390787902252899,0xe7a446d7b676b6a02cd89a086ed9fb5322c475429af8b26abb6962226a661a4f
2026-05-26 15:08:36,1779800839,"Will the price of Bitcoin be between $78,000 and $80,000 on May 26?",will-the-price-of-bitcoin-be-between-78000-80000-on-may-26-2026,No,TRADE,BUY,0.94,100,94.3948,89825981471271232929499222091693176490611251677486306330362067390787902252899,0xaa86b0deaef29acb8811c2e28b2fa163229a7ac456e7f071943a06c52f1654ac
2026-05-26 15:08:36,1779800839,"Will the price of Bitcoin be between $78,000 and $80,000 on May 26?",will-the-price-of-bitcoin-be-between-78000-80000-on-may-26-2026,No,TRADE,BUY,0.94,1.34,1.26489,89825981471271232929499222091693176490611251677486306330362067390787902252899,0xef77b24f4298dba362e31693eac8b9c58b98e747b305e3e56c5df825ca4e913f
2026-05-26 15:08:36,1779800839,"Will the price of Bitcoin be between $78,000 and $80,000 on May 26?",will-the-price-of-bitcoin-be-between-78000-80000-on-may-26-2026,No,TRADE,BUY,0.94,80,75.51584,89825981471271232929499222091693176490611251677486306330362067390787902252899,0x21451dec3e7488c20ee4e5c45126b6c2077d4625a8d19f0641456e92376a58f2
2026-05-26 15:08:36,1779800839,"Will the price of Bitcoin be between $78,000 and $80,000 on May 26?",will-the-price-of-bitcoin-be-between-78000-80000-on-may-26-2026,No,TRADE,BUY,0.94,30,28.31844,89825981471271232929499222091693176490611251677486306330362067390787902252899,0x8ea5518322075b36fb0b2f5f365b0687137a23b2a6dc56e3787479375160c968
2026-05-26 15:08:36,1779800837,"Will the price of Bitcoin be between $78,000 and $80,000 on May 26?",will-the-price-of-bitcoin-be-between-78000-80000-on-may-26-2026,No,TRADE,BUY,0.94,70,66.07636,89825981471271232929499222091693176490611251677486306330362067390787902252899,0xeab7b636ce708cd6fa7fe1f18fc5d79ed2edb8cc61a5b9e416c4148c89b0a3a5
2026-05-26 15:08:36,1779800835,"Will the price of Bitcoin be between $76,000 and $78,000 on May 26?",will-the-price-of-bitcoin-be-between-76000-78000-on-may-26-2026,Yes,TRADE,BUY,0.9,920,833.796,27816498921535806143796071076973933680747500966093816317112273250888220177007,0x4c5d24219e45cd5979185a5a55de880166e15e2312c6eb24580acfba404fa192
2026-05-26 15:08:36,1779800833,"Will the price of Bitcoin be between $78,000 and $80,000 on May 26?",will-the-price-of-bitcoin-be-between-78000-80000-on-may-26-2026,No,TRADE,BUY,0.9399999986014878,100.106381,94.495218,89825981471271232929499222091693176490611251677486306330362067390787902252899,0xfbbd5538391fc83555dc6116da8012c8b59b3ef6220e69f3031f21153da41bc9
2026-05-26 15:08:36,1779800830,"Will the price of Bitcoin be between $78,000 and $80,000 on May 26?",will-the-price-of-bitcoin-be-between-78000-80000-on-may-26-2026,No,TRADE,BUY,0.9399999953382925,90.095743,85.045688,89825981471271232929499222091693176490611251677486306330362067390787902252899,0x02b2961ea4658879c927e049ebf2caf4fde3c27503f505d752d9fae21f10187b
2026-05-26 15:08:36,1779800830,"Will the price of Bitcoin be between $76,000 and $78,000 on May 26?",will-the-price-of-bitcoin-be-between-76000-78000-on-may-26-2026,Yes,TRADE,BUY,0.9,1275,1155.5325,27816498921535806143796071076973933680747500966093816317112273250888220177007,0xdd5fdcf54649e207ddef11192bfe413c7675b263d303759332bc23afd1519bdf
2026-05-26 15:08:36,1779800830,"Will the price of Bitcoin be between $78,000 and $80,000 on May 26?",will-the-price-of-bitcoin-be-between-78000-80000-on-may-26-2026,No,TRADE,BUY,0.9399999953382925,90.095743,85.045688,89825981471271232929499222091693176490611251677486306330362067390787902252899,0x2b6a1bdc66486f65b37b91d4c0087e925ecd80b52ba707812c8d433bbf4ee496
2026-05-26 15:08:36,1779800760,Bitcoin Up or Down on May 26?,bitcoin-up-or-down-on-may-26-2026,Down,TRADE,BUY,0.83,2100.74,1764.3632,101413462990998546049607956368994022024443266822606241226320545973718102670483,0x8a671b0e4679b6f4126b2a8fdcb2a8ec177388239e5dd60a57eaac76612383cf
2026-05-26 15:08:36,1779800753,"Will the price of Bitcoin be between $78,000 and $80,000 on May 26?",will-the-price-of-bitcoin-be-between-78000-80000-on-may-26-2026,No,TRADE,BUY,0.937,70,65.87925,89825981471271232929499222091693176490611251677486306330362067390787902252899,0x421a3ab05951f2863338f75f28b4c8dcfab949cbeac9e339a2f170ff0b293330
2026-05-26 15:08:36,1779800727,"Will the price of Bitcoin be between $78,000 and $80,000 on May 26?",will-the-price-of-bitcoin-be-between-78000-80000-on-may-26-2026,No,TRADE,BUY,0.9340048894644402,70.22446,65.892989,89825981471271232929499222091693176490611251677486306330362067390787902252899,0x4f44f090012f9992e8087b7e8f2c2f7fcfdf7a6482e1e67b07ac7159e20c818e
2026-05-26 15:08:36,1779800720,Bitcoin Up or Down on May 26?,bitcoin-up-or-down-on-may-26-2026,Down,TRADE,BUY,0.82,521,432.60297,101413462990998546049607956368994022024443266822606241226320545973718102670483,0x4038922d35874e1096738920dbdf117ee096c01db811460cf52c0357064e96bc
2026-05-26 15:08:36,1779800644,"Will the price of Bitcoin be between $76,000 and $78,000 on May 26?",will-the-price-of-bitcoin-be-between-76000-78000-on-may-26-2026,Yes,TRADE,BUY,0.89,216,193.72024000000002,27816498921535806143796071076973933680747500966093816317112273250888220177007,0x8df7d69ef559065d2be56f226b00124acb260d48308a09a0ecab9d3ffe2c7e37
2026-05-26 15:08:36,1779800622,Bitcoin Up or Down on May 26?,bitcoin-up-or-down-on-may-26-2026,Down,TRADE,BUY,0.82,70.67,58.679559999999995,101413462990998546049607956368994022024443266822606241226320545973718102670483,0xb9b2e98482b2e8dd0c587b6138d81b165607e574c8fba6ac35190ab41886109c
2026-05-26 15:08:36,1779800618,"Will the price of Bitcoin be between $78,000 and $80,000 on May 26?",will-the-price-of-bitcoin-be-between-78000-80000-on-may-26-2026,No,TRADE,BUY,0.932,70,65.55054,89825981471271232929499222091693176490611251677486306330362067390787902252899,0x28105b6571636fc8bd7425c01d712c8f0f96f70c790b48ee91423f756c846fdb
2026-05-26 15:08:36,1779800599,"Will the price of Bitcoin be between $78,000 and $80,000 on May 26?",will-the-price-of-bitcoin-be-between-78000-80000-on-may-26-2026,No,TRADE,BUY,0.931,7.68,7.18461,89825981471271232929499222091693176490611251677486306330362067390787902252899,0x08b162455f10373522d7549cc0588c9da5ddc86eb5abc1cd105f6e5f6f6d39ea
2026-05-26 15:08:37,1779800599,"Will the price of Bitcoin be between $78,000 and $80,000 on May 26?",will-the-price-of-bitcoin-be-between-78000-80000-on-may-26-2026,No,TRADE,BUY,0.931,50,46.774829999999994,89825981471271232929499222091693176490611251677486306330362067390787902252899,0x7f0fce12e75e6329dae3390c0c05af7184e3bff743eb35455ddb2f1dcdaf5aa5
2026-05-26 15:08:37,1779800585,Bitcoin Up or Down on May 26?,bitcoin-up-or-down-on-may-26-2026,Down,TRADE,BUY,0.81,99,81.25652,101413462990998546049607956368994022024443266822606241226320545973718102670483,0x07037dea86e4a292628ed85f5997886cfd758451a9eeb9a4460fa1a8ce85f237
2026-05-26 15:08:37,1779800443,"Will Bitcoin reach $78,000 on May 26?",will-bitcoin-reach-78k-on-may-26,No,TRADE,BUY,0.6100000226200032,12.820511,7.820512,63046365328317475095088274760775100639081837613432576428582914584497519766670,0xed0694d0783ade13a543891bdc8ba658517bba673d50cfbfd59ee8135de7faa9
2026-05-26 15:08:37,1779800095,"Will the price of Bitcoin be above $78,000 on May 26?",bitcoin-above-78k-on-may-26-2026,No,TRADE,BUY,0.922,4598.44,4239.76168,14658893069672317885388728058038617297662316167660245758411111871452668226283,0x923d9c673a4e88412f9f5753ccd000de37915264ffdb549a1cf83beebaf5c3c5
2026-05-26 15:08:37,1779800027,Bitcoin Up or Down on May 26?,bitcoin-up-or-down-on-may-26-2026,Down,TRADE,BUY,0.82,34.99,29.05331,101413462990998546049607956368994022024443266822606241226320545973718102670483,0xeb1f8f05b1ade62822c3924d42fb7adb99510f8cf7130f46ea5282430cdce1cf
2026-05-26 15:08:37,1779799995,Bitcoin Up or Down on May 26?,bitcoin-up-or-down-on-may-26-2026,Down,TRADE,BUY,0.81,30.1,24.70526,101413462990998546049607956368994022024443266822606241226320545973718102670483,0x57bcb4bd9127e3721e95091e9b309d942d473f202cb978b16ce585d65923ca16
2026-05-26 15:08:37,1779799685,Bitcoin Up or Down on May 26?,bitcoin-up-or-down-on-may-26-2026,Down,TRADE,BUY,0.82,3351,2782.4425300000003,101413462990998546049607956368994022024443266822606241226320545973718102670483,0xc4bd9319e127828dd9cc7de2776a767b299855ab40142757b215cf80c30b2955
2026-05-26 15:08:37,1779799684,"Will the price of Bitcoin be between $74,000 and $76,000 on May 26?",will-the-price-of-bitcoin-be-between-74000-76000-on-may-26-2026,No,TRADE,BUY,0.949,2,1.898,47600455615929490626163943130629826387064004292876452673926931722754065500594,0xf4be88ddd17893fcfbdb5bd22c104ce2d75b0ae725bbe51a931f36cecbed4ee6
2026-05-26 15:08:37,1779799684,"Will the price of Bitcoin be above $78,000 on May 26?",bitcoin-above-78k-on-may-26-2026,No,TRADE,BUY,0.925,60,55.79137,14658893069672317885388728058038617297662316167660245758411111871452668226283,0x0d9dcb1e8b2827d349488d9f2005c3148601cf3ffa1e560c059b2ff1cdff4023
2026-05-26 15:08:37,1779799684,"Will the price of Bitcoin be between $74,000 and $76,000 on May 26?",will-the-price-of-bitcoin-be-between-74000-76000-on-may-26-2026,No,TRADE,BUY,0.949,5,4.745,47600455615929490626163943130629826387064004292876452673926931722754065500594,0x430c22ca8f21ce51c54e58c8cf7bdbd5f77c26bea224217c1851b3bb843dc162
2026-05-26 15:08:37,1779799684,"Will the price of Bitcoin be between $78,000 and $80,000 on May 26?",will-the-price-of-bitcoin-be-between-78000-80000-on-may-26-2026,No,TRADE,BUY,0.931,444.81,416.1183,89825981471271232929499222091693176490611251677486306330362067390787902252899,0xaa1b90a8b8b48a2666a4bff6552c29fd8a4e2bef0bbeadc58e8c7e3917675a5c
2026-05-26 15:08:37,1779799668,"Will the price of Bitcoin be above $78,000 on May 26?",bitcoin-above-78k-on-may-26-2026,No,TRADE,BUY,0.924,70,65.02409,14658893069672317885388728058038617297662316167660245758411111871452668226283,0x387ca994e1731d840fe66b728ceda23652dda87d119ef9055c35c9b323522716
2026-05-26 15:08:37,1779799601,"Will the price of Bitcoin be between $78,000 and $80,000 on May 26?",will-the-price-of-bitcoin-be-between-78000-80000-on-may-26-2026,No,TRADE,BUY,0.93,230,214.94811,89825981471271232929499222091693176490611251677486306330362067390787902252899,0x068fd3c4fd5f167e2dd1c5f88e0e74f9f57e24758a23f85ed7e0cb29b15fe687
2026-05-26 15:08:37,1779799598,"Will Bitcoin reach $78,000 on May 26?",will-bitcoin-reach-78k-on-may-26,No,TRADE,BUY,0.64,6,3.84,63046365328317475095088274760775100639081837613432576428582914584497519766670,0x6cd07e843cf8b8f0921e5a5b38932fc48474114a36cc142016c23f22d0f9be86
2026-05-26 15:08:37,1779799547,"Will the price of Bitcoin be between $78,000 and $80,000 on May 26?",will-the-price-of-bitcoin-be-between-78000-80000-on-may-26-2026,No,TRADE,BUY,0.93,440,411.20508,89825981471271232929499222091693176490611251677486306330362067390787902252899,0x70e89bee245a6b74e7db8130154e3a683ea40d4519c017b8f0392f1f61f2a336
2026-05-26 15:08:37,1779799547,"Will the price of Bitcoin be between $76,000 and $78,000 on May 26?",will-the-price-of-bitcoin-be-between-76000-78000-on-may-26-2026,Yes,TRADE,BUY,0.88,218.82,194.17911,27816498921535806143796071076973933680747500966093816317112273250888220177007,0xd77c8dcd58f57dd605e3121f88dc559b9ec08c99010504cd8688cb24199da06c
2026-05-26 15:08:37,1779799545,"Will the price of Bitcoin be between $76,000 and $78,000 on May 26?",will-the-price-of-bitcoin-be-between-76000-78000-on-may-26-2026,Yes,TRADE,BUY,0.88,412,365.6055,27816498921535806143796071076973933680747500966093816317112273250888220177007,0x88456980c0b8df93311918e565de568e370de9470f52ae3e2efc9f7de0d842ce
2026-05-26 15:08:37,1779799430,"Will Bitcoin dip to $74,000 May 25-31?",will-bitcoin-dip-to-74k-may-25-31-2026,No,TRADE,BUY,0.72,360,259.2,19005802504150953235789211677236304485365414100336749443802595635019119757267,0xf2b801c35f4fdefb96393986696a053e2c6a8c07bc62577cc916dfd8b1f544d1
2026-05-26 15:08:37,1779799430,"Will the price of Bitcoin be above $78,000 on May 26?",bitcoin-above-78k-on-may-26-2026,No,TRADE,BUY,0.923,2500,2307.5,14658893069672317885388728058038617297662316167660245758411111871452668226283,0xa83d28df52882ebfe54b8760f10c8ce3ba897c5ba0d1db94288e28cfc984c735
2026-05-26 15:08:37,1779799423,"Will the price of Bitcoin be above $78,000 on May 26?",bitcoin-above-78k-on-may-26-2026,No,TRADE,BUY,0.924,60,55.734939999999995,14658893069672317885388728058038617297662316167660245758411111871452668226283,0xcf6c2af5b717fa3d01c150c826914209d98775a4af41d60b95e1aaf30f49bd3f
2026-05-26 15:08:37,1779799404,"Will Bitcoin reach $80,000 May 25-31?",will-bitcoin-reach-80k-may-25-31-2026,No,TRADE,BUY,0.72,900,648,24988207044012259644831357552691249488174950036285829175438770540546706110339,0xaaacf6b4167873b053912950ea8fcfc86ae96b26abe08f769efa22e228ad691e
2026-05-26 15:08:37,1779799374,"Will Bitcoin dip to $75,000 on May 26?",will-bitcoin-dip-to-75k-on-may-26,No,TRADE,BUY,0.95,160,152.532,35701325402361690472974719083170587238625039680980034204420660906843274484966,0x35fd4ee95b93dbb1baa53a0f9c44dbd21286a411bccd402292238179ab5496ad
2026-05-26 15:08:37,1779799367,"Will the price of Bitcoin be above $78,000 on May 26?",bitcoin-above-78k-on-may-26-2026,No,TRADE,BUY,0.926,2500,2315,14658893069672317885388728058038617297662316167660245758411111871452668226283,0xf3ef7a3454452151fbf8cd04a038e0b4b66155e70e599064c9ae745aa0c53c44
2026-05-26 15:08:37,1779799360,"Will the price of Bitcoin be between $80,000 and $82,000 on May 31?",will-the-price-of-bitcoin-be-between-80000-82000-on-may-31-2026,No,TRADE,BUY,0.8800000013076559,642.370832,565.286333,93420633103107989787020889457672619614101373190687284564201462882327760743985,0xf861117594f4facfd45700d6b8e2bde21061c508fcdad840ebc437fd8f421329
2026-05-26 15:08:37,1779799356,"Will the price of Bitcoin be above $76,000 on May 26?",bitcoin-above-76k-on-may-26-2026,Yes,TRADE,BUY,0.941,230,217.32385,101696400522904383879910424453274795510574484165894079507232485023663200731882,0x9e5a4997993b56f6044cbbbb7f41644cffda2aaae4a05fdfce419f09bbbf25e8
2026-05-26 15:08:37,1779799356,"Will the price of Bitcoin be above $76,000 on May 26?",bitcoin-above-76k-on-may-26-2026,Yes,TRADE,BUY,0.941,9,8.503969999999999,101696400522904383879910424453274795510574484165894079507232485023663200731882,0x79eb0a62368c1d77a44ae3b6112cd82a836f1dde8ed55bac338e3e4e99039823
2026-05-26 15:08:37,1779799349,"Will the price of Bitcoin be above $76,000 on May 26?",bitcoin-above-76k-on-may-26-2026,Yes,TRADE,BUY,0.941,50,47.24431,101696400522904383879910424453274795510574484165894079507232485023663200731882,0xcceeedbd6ebe83695779fb7d00cf9a29f9c91332059d682e220ec2b7d1e0bfc2
2026-05-26 15:08:37,1779799339,"Will the price of Bitcoin be between $78,000 and $80,000 on May 31?",will-the-price-of-bitcoin-be-between-78000-80000-on-may-31-2026,No,TRADE,BUY,0.75,861.76,646.32,63674968305524183198601082420652487809030679568031262574962603102364010851002,0x01b71a7f4e6ec4fae45b8196f714675b237b477fd6c59546ec04708ac3011e6e
2026-05-26 15:08:37,1779799339,"Will the price of Bitcoin be above $78,000 on May 26?",bitcoin-above-78k-on-may-26-2026,No,TRADE,BUY,0.928650129280047,80.030138,74.691188,14658893069672317885388728058038617297662316167660245758411111871452668226283,0x3e604acad5488845e183e30247b9e5d50c0ff8d51e678d158efac65fe7eadb9b
2026-05-26 15:08:37,1779799335,"Will the price of Bitcoin be above $78,000 on May 26?",bitcoin-above-78k-on-may-26-2026,No,TRADE,BUY,0.929,70,65.35319,14658893069672317885388728058038617297662316167660245758411111871452668226283,0x2932f9a02ef0373fbe588deb13c05b49ac0c294e96d995146bb08a23b3845bb4
2026-05-26 15:08:37,1779799321,"Will the price of Bitcoin be between $76,000 and $78,000 on May 31?",will-the-price-of-bitcoin-be-between-76000-78000-on-may-31-2026,No,TRADE,BUY,0.68,640.3125,435.4125,77676149989330475210976455074235210734549151887131552703291288694870802111618,0x5117687425e0d25adfa5565ee2c3106e66fc81f3ba3c2c33c4067e4d0468d937
2026-05-26 15:08:37,1779799316,"Will the price of Bitcoin be above $76,000 on May 26?",bitcoin-above-76k-on-may-26-2026,Yes,TRADE,BUY,0.94,593.75,558.125,101696400522904383879910424453274795510574484165894079507232485023663200731882,0xacc0f7e2edbad7789a75c76963e0fba0408ac4cf1304a13aafa7e0a4cc5a3607
2026-05-26 15:08:37,1779799313,"Will the price of Bitcoin be above $78,000 on May 26?",bitcoin-above-78k-on-may-26-2026,No,TRADE,BUY,0.926,346,322.05565,14658893069672317885388728058038617297662316167660245758411111871452668226283,0x262f86383beeb801ee4b505b55a8ed96c7bf7630ea4acb2e7c21d8f7bef28375
2026-05-26 15:08:37,1779799313,"Will the price of Bitcoin be between $78,000 and $80,000 on May 26?",will-the-price-of-bitcoin-be-between-78000-80000-on-may-26-2026,No,TRADE,BUY,0.928,650,606.24012,89825981471271232929499222091693176490611251677486306330362067390787902252899,0x86781932ecad926cc90f7dcf6b084915958478bbbccb0982158298568c427b51
2026-05-26 15:08:37,1779799292,"Will the price of Bitcoin be above $76,000 on May 26?",bitcoin-above-76k-on-may-26-2026,Yes,TRADE,BUY,0.94,60,56.63688,101696400522904383879910424453274795510574484165894079507232485023663200731882,0x7a1837da1813730519fbf66f7a3de47523c81740d9a9c4b927e06d630e6d34a9
2026-05-26 15:08:37,1779799285,"Will the price of Bitcoin be above $78,000 on May 26?",bitcoin-above-78k-on-may-26-2026,No,TRADE,BUY,0.926,60,55.8478,14658893069672317885388728058038617297662316167660245758411111871452668226283,0x06d933f272aa8a9494cf13c959b4c9c379db39916b33bb024900fb53f258c772
2026-05-26 15:08:37,1779799283,"Will the price of Bitcoin be above $78,000 on May 26?",bitcoin-above-78k-on-may-26-2026,No,TRADE,BUY,0.926,60,55.8478,14658893069672317885388728058038617297662316167660245758411111871452668226283,0x57005af56ede71ec29f727c4ed7f5043746c940d96163334c22eb75508df8f22
2026-05-26 15:08:37,1779799278,"Will the price of Bitcoin be above $78,000 on May 26?",bitcoin-above-78k-on-may-26-2026,No,TRADE,BUY,0.9249999954216162,60.064863,55.851688,14658893069672317885388728058038617297662316167660245758411111871452668226283,0x02de91d5a1b56666ed7f98baf0cf80c0767c3dfd645b56f7cf20433b47b038ef
2026-05-26 15:08:37,1779799278,"Will the price of Bitcoin be above $78,000 on May 26?",bitcoin-above-78k-on-may-26-2026,No,TRADE,BUY,0.926,210,195.4673,14658893069672317885388728058038617297662316167660245758411111871452668226283,0x75724714b61428e36cd155db4ece374ed8f724327d4aaa4ca0a90cbf0239a9b6
2026-05-26 15:08:37,1779799278,"Will the price of Bitcoin be above $78,000 on May 26?",bitcoin-above-78k-on-may-26-2026,No,TRADE,BUY,0.926,60,55.8478,14658893069672317885388728058038617297662316167660245758411111871452668226283,0x0c63b2c973230f5d292c8ccf9f80a357bd6d0c3cc0bb63f27ea4135d0a7d1afb
2026-05-26 15:08:37,1779799272,Bitcoin Up or Down on May 26?,bitcoin-up-or-down-on-may-26-2026,Down,TRADE,BUY,0.81,5,4.05,101413462990998546049607956368994022024443266822606241226320545973718102670483,0xeceac50d9b742c9e89c0bfc5f434de4d1dbc76e88b9476fd46d5b266d078e2ed
2026-05-26 15:08:37,1779799239,"Will the price of Bitcoin be between $76,000 and $78,000 on May 28?",will-the-price-of-bitcoin-be-between-76000-78000-on-may-28-2026,No,TRADE,BUY,0.56,7.93,4.4408,112302914883418542390818013244939220928145106290000331490834568556374635006405,0x7f20afe818aed8cff09ef4ba00bd634518dba6c982a0598ee03d042bdcab8fc2
2026-05-26 15:08:37,1779799227,Bitcoin Up or Down on May 26?,bitcoin-up-or-down-on-may-26-2026,Down,TRADE,BUY,0.81,190.53,154.3293,101413462990998546049607956368994022024443266822606241226320545973718102670483,0xd85907cd7864659adf267a848d17f44bfee5e8f4be2d0a18a201baf82d8f3c7c
2026-05-26 15:08:38,1779799225,"Will the price of Bitcoin be between $74,000 and $76,000 on May 26?",will-the-price-of-bitcoin-be-between-74000-76000-on-may-26-2026,No,TRADE,BUY,0.943,40,37.8705,47600455615929490626163943130629826387064004292876452673926931722754065500594,0xcb7cbe09936b40304e62755bbbae60b7f69c163a48b675bcd128f4b6ba6df61c
2026-05-26 15:08:38,1779799211,"Will Bitcoin dip to $76,000 May 25-31?",will-bitcoin-dip-to-76k-may-25-31-2026,No,TRADE,BUY,0.29,8,2.4353,33569743728996302220669733995020067041800725449772853765906487198954458737690,0xd21df14f1f8390b7d0f909f10fa8fa01bec4b981e1050a884ad04883e8cc1524
2026-05-26 15:08:38,1779799204,"Will the price of Bitcoin be above $76,000 on May 26?",bitcoin-above-76k-on-may-26-2026,Yes,TRADE,BUY,0.935,230,216.02847,101696400522904383879910424453274795510574484165894079507232485023663200731882,0xf552480ff74d830eb8689832527b324882e099c650d9c775a4392b1796190cfd
2026-05-26 15:08:38,1779799204,"Will the price of Bitcoin be between $74,000 and $76,000 on May 26?",will-the-price-of-bitcoin-be-between-74000-76000-on-may-26-2026,No,TRADE,BUY,0.94,30,28.31844,47600455615929490626163943130629826387064004292876452673926931722754065500594,0x3df6e0b15acbde19733ec68e962a628e9f32e77bd4a7e0c522a6ea6999e9b4a6
2026-05-26 15:08:38,1779799199,"Will the price of Bitcoin be above $76,000 on May 26?",bitcoin-above-76k-on-may-26-2026,Yes,TRADE,BUY,0.935,230,216.02847,101696400522904383879910424453274795510574484165894079507232485023663200731882,0x112f65edcf3fede9af3d17b8ae39fa0ded2de345ae0dee896bedb8f7150c5bb3
2026-05-26 15:08:38,1779799171,"Will the price of Bitcoin be above $76,000 on May 26?",bitcoin-above-76k-on-may-26-2026,Yes,TRADE,BUY,0.935,80,75.14034,101696400522904383879910424453274795510574484165894079507232485023663200731882,0x6390a20a60f28b22869af319d0509985cce0911eab93bcbe5333bb1792868c51
2026-05-26 15:08:38,1779799164,"Will the price of Bitcoin be above $76,000 on May 26?",bitcoin-above-76k-on-may-26-2026,Yes,TRADE,BUY,0.933,30,28.12127,101696400522904383879910424453274795510574484165894079507232485023663200731882,0xcaba1a117612664a0e320e2a2568ca188afaf59f6cdf1e09fcffb4f3d32d0f04
2026-05-26 15:08:38,1779799157,"Will the price of Bitcoin be above $78,000 on May 26?",bitcoin-above-78k-on-may-26-2026,No,TRADE,BUY,0.931,60,56.129799999999996,14658893069672317885388728058038617297662316167660245758411111871452668226283,0x523658da1692c5a479de854f41aaaa724a13d6f35df60bbc22203d75ce7d20ff
2026-05-26 15:08:38,1779799150,"Will the price of Bitcoin be above $76,000 on May 26?",bitcoin-above-76k-on-may-26-2026,Yes,TRADE,BUY,0.932,270,252.8378,101696400522904383879910424453274795510574484165894079507232485023663200731882,0xd7133fc41ae6768948551c485ee6648e06b6f7ee6b6e98d20cf44c558c6e201d
2026-05-26 15:08:38,1779799141,"Will the price of Bitcoin be above $76,000 on May 26?",bitcoin-above-76k-on-may-26-2026,Yes,TRADE,BUY,0.93,42.82,39.8226,101696400522904383879910424453274795510574484165894079507232485023663200731882,0xc9a41ca396f17e009ac65b8f79c0e763053b865ab393865a891dd4ddafaedaea
2026-05-26 15:08:38,1779799120,"Will the price of Bitcoin be above $76,000 on May 26?",bitcoin-above-76k-on-may-26-2026,Yes,TRADE,BUY,0.932,60,56.186170000000004,101696400522904383879910424453274795510574484165894079507232485023663200731882,0xbb36053c3126aadd3aaff38c0dbcd98fa2329017d80619c22457a31c8749f242
2026-05-26 15:08:38,1779799113,"Will the price of Bitcoin be above $76,000 on May 26?",bitcoin-above-76k-on-may-26-2026,Yes,TRADE,BUY,0.93,0.07,0.0651,101696400522904383879910424453274795510574484165894079507232485023663200731882,0x59ab4245c3035d1832620d1ff503453949f92f7f09ce1df6b4ec18ef320fc868
2026-05-26 15:08:38,1779799111,"Will the price of Bitcoin be above $76,000 on May 26?",bitcoin-above-76k-on-may-26-2026,Yes,TRADE,BUY,0.932,5.39,5.04739,101696400522904383879910424453274795510574484165894079507232485023663200731882,0x5c5577c6f1ecd7f2058515c8c7dc0954ff42e3040e0189f669ac6096f5a9a29a
2026-05-26 15:08:38,1779799111,"Will the price of Bitcoin be above $76,000 on May 26?",bitcoin-above-76k-on-may-26-2026,Yes,TRADE,BUY,0.932,40,37.45745,101696400522904383879910424453274795510574484165894079507232485023663200731882,0x0e2295786f2d76c9f3cb5b8e1ac0da0340e845c1f0062542ac2f0241b18392e4
2026-05-26 15:08:38,1779799110,"Will the price of Bitcoin be above $76,000 on May 26?",bitcoin-above-76k-on-may-26-2026,Yes,TRADE,BUY,0.93,0.6,0.558,101696400522904383879910424453274795510574484165894079507232485023663200731882,0x049b5d6281e8d756a4acc4d8a6d03ee3467ed1e86cea13fc5d6ab0d7329ad336
2026-05-26 15:08:38,1779799104,"Will the price of Bitcoin be above $76,000 on May 26?",bitcoin-above-76k-on-may-26-2026,Yes,TRADE,BUY,0.93,0.6,0.558,101696400522904383879910424453274795510574484165894079507232485023663200731882,0x0bdc0aa50252d11992aac339dd292f28e64713657e9c17fa2080ace1d43a8602
2026-05-26 15:08:38,1779799104,"Will the price of Bitcoin be above $76,000 on May 26?",bitcoin-above-76k-on-may-26-2026,Yes,TRADE,BUY,0.93,0.6,0.558,101696400522904383879910424453274795510574484165894079507232485023663200731882,0xcf8325c03a5d4c17b7e6e9fa1bcf876e4040ef76e1d8adf091719703245d4b21
2026-05-26 15:08:38,1779799104,"Will the price of Bitcoin be above $76,000 on May 26?",bitcoin-above-76k-on-may-26-2026,Yes,TRADE,BUY,0.93,0.6,0.558,101696400522904383879910424453274795510574484165894079507232485023663200731882,0x2f7f5a8da876ea4a88824e7f6047bf60dfa46b7f561b1b2bc65c1f20dfa04387
2026-05-26 15:08:38,1779799103,"Will the price of Bitcoin be above $76,000 on May 26?",bitcoin-above-76k-on-may-26-2026,Yes,TRADE,BUY,0.93,39.79,37.0047,101696400522904383879910424453274795510574484165894079507232485023663200731882,0x12000e14872ba32607c89d93432059d7fc7e4bc7e0fc6788570586eabb8786dd
2026-05-26 15:08:38,1779799080,"Will the price of Bitcoin be above $76,000 on May 26?",bitcoin-above-76k-on-may-26-2026,Yes,TRADE,BUY,0.931,80,74.83973,101696400522904383879910424453274795510574484165894079507232485023663200731882,0x0643af25b1bc290ca34529a6f63e3e908d896936de23d81c44c819185254235e
2026-05-26 15:08:38,1779799076,"Will the price of Bitcoin be above $76,000 on May 26?",bitcoin-above-76k-on-may-26-2026,Yes,TRADE,BUY,0.931,9.66,9.036890000000001,101696400522904383879910424453274795510574484165894079507232485023663200731882,0x97f6a9d0720d9b89ca84a22fa5f3b04941ae2dbc1a2a5a938ff515a54259414d
2026-05-26 15:08:38,1779799076,"Will the price of Bitcoin be above $76,000 on May 26?",bitcoin-above-76k-on-may-26-2026,Yes,TRADE,BUY,0.931,70,65.48477,101696400522904383879910424453274795510574484165894079507232485023663200731882,0x156af90b4e7e140c9951f2f0850f6199b5530a8e23c0b9144fab74c9d2ca4f00
2026-05-26 15:08:38,1779799069,"Will the price of Bitcoin be above $76,000 on May 26?",bitcoin-above-76k-on-may-26-2026,Yes,TRADE,BUY,0.931,60,56.129799999999996,101696400522904383879910424453274795510574484165894079507232485023663200731882,0xa92d535df031af7c7542006781d49cdaf5d556481923610c545fa1aa9b3d431f
2026-05-26 15:08:38,1779799052,"Will the price of Bitcoin be above $76,000 on May 26?",bitcoin-above-76k-on-may-26-2026,Yes,TRADE,BUY,0.932,1.13,1.05316,101696400522904383879910424453274795510574484165894079507232485023663200731882,0x8977e068429ed1b50d2f346a3b9a463c7a045c8111b5296ab7447238b78ca62f
2026-05-26 15:08:38,1779799045,"Will the price of Bitcoin be above $76,000 on May 26?",bitcoin-above-76k-on-may-26-2026,Yes,TRADE,BUY,0.933,50,46.86878,101696400522904383879910424453274795510574484165894079507232485023663200731882,0xb3bc149288d6efca941f263008b2769e169bdc8cb82e08e33e9cd4973723d42d
2026-05-26 15:08:38,1779799041,"Will the price of Bitcoin be above $76,000 on May 26?",bitcoin-above-76k-on-may-26-2026,Yes,TRADE,BUY,0.932,60,56.186170000000004,101696400522904383879910424453274795510574484165894079507232485023663200731882,0x27f733142e6207afdae6a5ebaad23550540c818966ad2c4362edef715e5d0109
2026-05-26 15:08:38,1779799038,"Will the price of Bitcoin be above $76,000 on May 26?",bitcoin-above-76k-on-may-26-2026,Yes,TRADE,BUY,0.932,60.24,56.410920000000004,101696400522904383879910424453274795510574484165894079507232485023663200731882,0x48f9d8dc27ae5480f67f8d2406446831717b01cf6019f80e8c253951c412223d
2026-05-26 15:08:38,1779799027,"Will the price of Bitcoin be above $76,000 on May 26?",bitcoin-above-76k-on-may-26-2026,Yes,TRADE,BUY,0.932,60.24,56.410920000000004,101696400522904383879910424453274795510574484165894079507232485023663200731882,0xdbf16bde5085138e2ebc4e582fa175356897d8d7bbb8827549b252a7a2d2b054
2026-05-26 15:08:38,1779799026,"Will the price of Bitcoin be above $76,000 on May 26?",bitcoin-above-76k-on-may-26-2026,Yes,TRADE,BUY,0.931,60,56.129799999999996,101696400522904383879910424453274795510574484165894079507232485023663200731882,0xcaaaf58dbbf18dc16f5ab06bc31c03373ac58a022e24d71d92ec5d27c47d7c43
2026-05-26 15:08:38,1779798992,Bitcoin Up or Down on May 26?,bitcoin-up-or-down-on-may-26-2026,Down,TRADE,BUY,0.82,307.05,254.95344,101413462990998546049607956368994022024443266822606241226320545973718102670483,0xe136855020c98f5cdd409e6e4ab77cc5e21cc6a4e53375454cabef1d15f8c6eb
2026-05-26 15:18:36,1779801479,"Will the price of Bitcoin be between $74,000 and $76,000 on May 26?",will-the-price-of-bitcoin-be-between-74000-76000-on-may-26-2026,No,TRADE,BUY,0.958,3,2.874,47600455615929490626163943130629826387064004292876452673926931722754065500594,0x4425ae23d942c9526d6713bfeac5ca0dd601724095e2eceed9851990169e2ef6
2026-05-26 15:18:36,1779801479,"Will the price of Bitcoin be between $74,000 and $76,000 on May 26?",will-the-price-of-bitcoin-be-between-74000-76000-on-may-26-2026,No,TRADE,BUY,0.958,20,19.16,47600455615929490626163943130629826387064004292876452673926931722754065500594,0xaa3a88ba2190c56e1d2dd56a37ed53bfc58311b081e688ae86aaa37f7c08ccef
2026-05-26 15:18:36,1779801479,"Will the price of Bitcoin be between $74,000 and $76,000 on May 26?",will-the-price-of-bitcoin-be-between-74000-76000-on-may-26-2026,No,TRADE,BUY,0.958,3,2.874,47600455615929490626163943130629826387064004292876452673926931722754065500594,0x9e71bf5f4b2d97d80cc510d69cfd1a5afbbc59111f6ecab129c1aacea9eaed09
2026-05-26 15:18:36,1779801479,"Will the price of Bitcoin be between $74,000 and $76,000 on May 26?",will-the-price-of-bitcoin-be-between-74000-76000-on-may-26-2026,No,TRADE,BUY,0.958,10,9.58,47600455615929490626163943130629826387064004292876452673926931722754065500594,0x7732412aabd3440950110dc6b78450972b04a9baacfd6a4ba994afdff122bbd9
2026-05-26 15:18:36,1779801479,"Will the price of Bitcoin be between $74,000 and $76,000 on May 26?",will-the-price-of-bitcoin-be-between-74000-76000-on-may-26-2026,No,TRADE,BUY,0.958,2,1.916,47600455615929490626163943130629826387064004292876452673926931722754065500594,0x12007201f05cb99bcfdbfc8b6bfedc681db3ec59708e1515c4878a4b1f6ccbbe
2026-05-26 15:18:37,1779801474,Bitcoin Up or Down on May 26?,bitcoin-up-or-down-on-may-26-2026,Down,TRADE,BUY,0.85,119,102.21207000000001,101413462990998546049607956368994022024443266822606241226320545973718102670483,0xaf21195f8f40da0d7fdb916e87e4841bfc67f3f459038d35abc1c55d9cb5391b
2026-05-26 15:18:37,1779801372,Bitcoin Up or Down on May 26?,bitcoin-up-or-down-on-may-26-2026,Down,TRADE,BUY,0.84,2135.76,1814.1316299999999,101413462990998546049607956368994022024443266822606241226320545973718102670483,0x516a57b03dc898185205abbfd0a23c142cec0cdfb632feb48f76d4bece486dfd
2026-05-26 15:18:37,1779801362,"Will the price of Bitcoin be between $74,000 and $76,000 on May 26?",will-the-price-of-bitcoin-be-between-74000-76000-on-may-26-2026,No,TRADE,BUY,0.959,0.02,0.01918,47600455615929490626163943130629826387064004292876452673926931722754065500594,0x05ce4a3e7e7526ec453ec3ccddfc981af9356d3b99103baa6c0964636591bba6
2026-05-26 15:18:37,1779801355,"Will the price of Bitcoin be between $74,000 and $76,000 on May 26?",will-the-price-of-bitcoin-be-between-74000-76000-on-may-26-2026,No,TRADE,BUY,0.96,250,240.672,47600455615929490626163943130629826387064004292876452673926931722754065500594,0xc1e32da1f1797f1ca43576963c3a3e49f960ec03fb411e4d5696b95d25d7a682
2026-05-26 15:18:37,1779801327,"Will the price of Bitcoin be between $78,000 and $80,000 on May 26?",will-the-price-of-bitcoin-be-between-78000-80000-on-may-26-2026,No,TRADE,BUY,0.943,70,66.27337,89825981471271232929499222091693176490611251677486306330362067390787902252899,0x63b4cac9a3a33acba637cd014a563fa0a34ea201dc35bbc3eae8baf533879250
2026-05-26 15:18:37,1779801302,"Will the price of Bitcoin be between $78,000 and $80,000 on May 26?",will-the-price-of-bitcoin-be-between-78000-80000-on-may-26-2026,No,TRADE,BUY,0.9399827503162442,240.0044,226.547786,89825981471271232929499222091693176490611251677486306330362067390787902252899,0x5d010fa96aff63cab6e30b51d6f5b7d3ac9da49db3296e73646aa759182327e9
2026-05-26 15:18:37,1779801288,"Will the price of Bitcoin be between $78,000 and $80,000 on May 26?",will-the-price-of-bitcoin-be-between-78000-80000-on-may-26-2026,No,TRADE,BUY,0.9389999991437689,70.07454,66.080953,89825981471271232929499222091693176490611251677486306330362067390787902252899,0x9855658a8df8a6bbbf3627a7a330ae5d45e6dad4daac335a12c7cfd3a8fb7449
2026-05-26 15:18:37,1779801285,"Will the price of Bitcoin be between $78,000 and $80,000 on May 26?",will-the-price-of-bitcoin-be-between-78000-80000-on-may-26-2026,No,TRADE,BUY,0.941,70,66.14204000000001,89825981471271232929499222091693176490611251677486306330362067390787902252899,0xb85119f48cb249de0be40d065d8caa0f1a720a5246c440b822fe066147b74d8d
2026-05-26 15:18:37,1779801285,"Will the price of Bitcoin be between $78,000 and $80,000 on May 26?",will-the-price-of-bitcoin-be-between-78000-80000-on-may-26-2026,No,TRADE,BUY,0.941,0.32,0.30236,89825981471271232929499222091693176490611251677486306330362067390787902252899,0xe0ee3eca663f1aa1c528c7388f76565dd78cf43e6beb1c94872ee6f6b788355b
2026-05-26 15:18:37,1779801281,"Will the price of Bitcoin be between $78,000 and $80,000 on May 26?",will-the-price-of-bitcoin-be-between-78000-80000-on-may-26-2026,No,TRADE,BUY,0.9393102512239044,80.058743,75.51946799999999,89825981471271232929499222091693176490611251677486306330362067390787902252899,0xcb8b965ded28d7529bc6c3c50c15b461e66764e848016a98bab5bf4665d5a126
2026-05-26 15:18:37,1779801239,"Will the price of Bitcoin be between $74,000 and $76,000 on May 26?",will-the-price-of-bitcoin-be-between-74000-76000-on-may-26-2026,No,TRADE,BUY,0.958,30,28.824489999999997,47600455615929490626163943130629826387064004292876452673926931722754065500594,0x517a15421d9fa80166c6706849b1af9211662b7abd6a427d700604841fcfca91
2026-05-26 15:18:37,1779801236,"Will the price of Bitcoin be above $66,000 on May 30?",bitcoin-above-66k-on-may-30-2026,Yes,TRADE,BUY,0.99,1.982,1.96218,110937688724590726277191057431668014868842756741116626124498964889736108558183,0x6693821911bd0cc52aea7b8efef1496646e6fbe360a64ecc34db635e04c65d07
2026-05-26 15:18:37,1779801122,Bitcoin Up or Down on May 26?,bitcoin-up-or-down-on-may-26-2026,Down,TRADE,BUY,0.84,67,56.91033,101413462990998546049607956368994022024443266822606241226320545973718102670483,0x6b671a177d5a55b5ee946dfe1339d0d4f5c06b556da3d5abaae00de96a5a7fee
2026-05-26 15:18:37,1779801113,"Will Bitcoin reach $79,000 on May 26?",will-bitcoin-reach-79k-on-may-26,No,TRADE,BUY,0.927,50,46.58684,104756236315269282987048030789377099176966466116699088316535452939279913267949,0xaf247db22cf7469d88f427cb6703fa4e4c9e57ccf53eeaf10c2507b93ca46878
2026-05-26 15:18:37,1779801089,Bitcoin Up or Down on May 26?,bitcoin-up-or-down-on-may-26-2026,Down,TRADE,BUY,0.84,68,57.75974,101413462990998546049607956368994022024443266822606241226320545973718102670483,0xcbd32ef73f734b0ca68165f4ad162885d34f38581b1a80f6432cfe30615a3b03
2026-05-26 15:18:37,1779800984,"Will the price of Bitcoin be between $76,000 and $78,000 on May 26?",will-the-price-of-bitcoin-be-between-76000-78000-on-may-26-2026,Yes,TRADE,BUY,0.9,0.27,0.243,27816498921535806143796071076973933680747500966093816317112273250888220177007,0xe76cbeb4e344e7330bffcb618ec9275d1c80e7999200ee731aed2bf75d5fe1c5
2026-05-26 15:18:37,1779800970,"Will the price of Bitcoin be between $76,000 and $78,000 on May 26?",will-the-price-of-bitcoin-be-between-76000-78000-on-may-26-2026,Yes,TRADE,BUY,0.9,18.4,16.56,27816498921535806143796071076973933680747500966093816317112273250888220177007,0xc4ab04bdaa07ef6f212a7196bb18a0c2c3a20d98a3bfddc931ecc9e3ac3d06c2
2026-05-26 15:18:37,1779800970,"Will the price of Bitcoin be between $76,000 and $78,000 on May 26?",will-the-price-of-bitcoin-be-between-76000-78000-on-may-26-2026,Yes,TRADE,BUY,0.9,80,72,27816498921535806143796071076973933680747500966093816317112273250888220177007,0xa91e014c143c5967f7d88066ad0a1da19e2a46393d2d70e2972a588fc8092ac1
2026-05-26 15:18:37,1779800968,Bitcoin Up or Down on May 26?,bitcoin-up-or-down-on-may-26-2026,Down,TRADE,BUY,0.83,75,62.99077,101413462990998546049607956368994022024443266822606241226320545973718102670483,0xc789494a21c35f6ef13024df876815bede153a3f6629b4a5c07e895506b15c65
2026-05-26 15:18:37,1779800965,"Will the price of Bitcoin be between $76,000 and $78,000 on May 26?",will-the-price-of-bitcoin-be-between-76000-78000-on-may-26-2026,Yes,TRADE,BUY,0.9,2950,2655,27816498921535806143796071076973933680747500966093816317112273250888220177007,0x609c1c3b3e3411d025c359a6d5cdb99db7868ba35f9892fc2b4cde8768b5899a
2026-05-26 15:19:38,1779801558,Bitcoin Up or Down on May 26?,bitcoin-up-or-down-on-may-26-2026,Down,TRADE,BUY,0.87,281,246.69467,101413462990998546049607956368994022024443266822606241226320545973718102670483,0xeedd693cfa53a35ef97c8fca9f105ec0c9c36f8f676cf19fe3046b09f5c2d818
2026-05-26 15:19:38,1779801516,Bitcoin Up or Down on May 26?,bitcoin-up-or-down-on-may-26-2026,Down,TRADE,BUY,0.86,0.28,0.24314999999999998,101413462990998546049607956368994022024443266822606241226320545973718102670483,0x3f7fed7b7066c75f1c810164c4ea0cca38a02fc905859b5ddafff5a63cd63072
2026-05-26 15:19:38,1779801516,Bitcoin Up or Down on May 26?,bitcoin-up-or-down-on-may-26-2026,Down,TRADE,BUY,0.86,97,84.23751,101413462990998546049607956368994022024443266822606241226320545973718102670483,0x6ec9e2709cbb67a488f6b2ef27d88be460a2078df9ef84f18fcedad37308ad09
2026-05-26 15:19:38,1779801512,"Will the price of Bitcoin be between $74,000 and $76,000 on May 26?",will-the-price-of-bitcoin-be-between-74000-76000-on-may-26-2026,No,TRADE,BUY,0.956,120,115.07333,47600455615929490626163943130629826387064004292876452673926931722754065500594,0x95073ef991eb7dc56d1941a28b8c1d3d18baec6575f5bf329ddf30e61dbbf687
2026-05-26 15:19:38,1779801500,"Will Bitcoin reach $78,000 on May 26?",will-bitcoin-reach-78k-on-may-26,No,TRADE,BUY,0.690000002916849,147.419353,101.719354,63046365328317475095088274760775100639081837613432576428582914584497519766670,0x30daf262f0dfc24ccfa4071b318f53cf794d15516078634ac5ceb44e4160dd97
2026-05-26 15:19:38,1779801481,"Will the price of Bitcoin be between $78,000 and $80,000 on May 26?",will-the-price-of-bitcoin-be-between-78000-80000-on-may-26-2026,No,TRADE,BUY,0.949455312408594,90.05162,85.802489,89825981471271232929499222091693176490611251677486306330362067390787902252899,0x4de413eb9ad09fe96c9cb53dd95d7654877a186575d0a13a63ec1a14f3d24468
2026-05-26 15:21:50,1779801658,"Will the price of Bitcoin be between $74,000 and $76,000 on May 26?",will-the-price-of-bitcoin-be-between-74000-76000-on-may-26-2026,No,TRADE,BUY,0.9529302325581396,107.5,102.77752,47600455615929490626163943130629826387064004292876452673926931722754065500594,0xad2e2b9c1685877fd1326985a2a7e62d6deb449b63ece9f3aa9d20ee29f5eca5
2026-05-26 15:22:50,1779801721,"Will the price of Bitcoin be above $78,000 on May 26?",bitcoin-above-78k-on-may-26-2026,No,TRADE,BUY,0.95,120,114.399,14658893069672317885388728058038617297662316167660245758411111871452668226283,0x141eda98733e72e8009eb8ef76095566ce7419a83358b9e5ad8381861644a709
2026-05-26 15:33:59,1779802412,"Will the price of Bitcoin be between $76,000 and $78,000 on May 26?",will-the-price-of-bitcoin-be-between-76000-78000-on-may-26-2026,Yes,TRADE,BUY,0.88,163.2,143.616,27816498921535806143796071076973933680747500966093816317112273250888220177007,0x096ce396e34b2951406e7ebceb7cc72e4f1383881d1bfd148897b1f18a0a3e9c,76784.01
2026-05-26 15:34:00,1779802333,"Will the price of Bitcoin be between $76,000 and $78,000 on May 26?",will-the-price-of-bitcoin-be-between-76000-78000-on-may-26-2026,Yes,TRADE,BUY,0.88,824,731.211,27816498921535806143796071076973933680747500966093816317112273250888220177007,0x65030d6dfa1f44865b44901beefd57cab3b94848cc0c33749bc0e0e956395092,76786.0
2026-05-26 15:34:00,1779802303,"Will the price of Bitcoin be between $76,000 and $78,000 on May 26?",will-the-price-of-bitcoin-be-between-76000-78000-on-may-26-2026,Yes,TRADE,BUY,0.87,231,202.79882,27816498921535806143796071076973933680747500966093816317112273250888220177007,0xd25b00a27b062b483d4caa4131c7f4daec48c3429c519f376643a87b01bef550,76786.0
2026-05-26 15:34:01,1779802295,"Will the price of Bitcoin be between $74,000 and $76,000 on May 26?",will-the-price-of-bitcoin-be-between-74000-76000-on-may-26-2026,No,TRADE,BUY,0.897,240,216.83216,47600455615929490626163943130629826387064004292876452673926931722754065500594,0xd626a3ae79ded24d087d94caf53c64bbd7bd2073a046e2720be302b85f042bd8,76786.0
2026-05-26 15:34:01,1779802275,"Will the price of Bitcoin be between $74,000 and $76,000 on May 26?",will-the-price-of-bitcoin-be-between-74000-76000-on-may-26-2026,No,TRADE,BUY,0.9110000140333931,62.921347,57.321348,47600455615929490626163943130629826387064004292876452673926931722754065500594,0x10398224901cf9dc1b0880ccdd8160e136496140161a177e1a63c31b3c0e6f85,76791.5
2026-05-26 15:34:02,1779802270,"Will the price of Bitcoin be between $74,000 and $76,000 on May 26?",will-the-price-of-bitcoin-be-between-74000-76000-on-may-26-2026,No,TRADE,BUY,0.908,100,91.38475,47600455615929490626163943130629826387064004292876452673926931722754065500594,0x111fb767c4be5d826021a7e1fb3c59c5e1ad1028711f865cc6cfc0f1d580008b,76791.5
2026-05-26 15:34:03,1779802270,"Will the price of Bitcoin be between $74,000 and $76,000 on May 26?",will-the-price-of-bitcoin-be-between-74000-76000-on-may-26-2026,No,TRADE,BUY,0.915,74.2,68.29696,47600455615929490626163943130629826387064004292876452673926931722754065500594,0x3d9109766da0fdecefa23e3790588db40994a1a999bebf0be59312e575395ec4,76791.5
2026-05-26 15:34:03,1779802270,"Will the price of Bitcoin be between $74,000 and $76,000 on May 26?",will-the-price-of-bitcoin-be-between-74000-76000-on-may-26-2026,No,TRADE,BUY,0.9034858328597779,162.216154,147.550147,47600455615929490626163943130629826387064004292876452673926931722754065500594,0xd0bc6684b0ed7e47a8e1a50d16c17987bb8d9661f637f7557977d80bf8aee28f,76791.49
2026-05-26 15:34:04,1779802270,"Will the price of Bitcoin be between $74,000 and $76,000 on May 26?",will-the-price-of-bitcoin-be-between-74000-76000-on-may-26-2026,No,TRADE,BUY,0.9136662225183211,150.1,137.97009,47600455615929490626163943130629826387064004292876452673926931722754065500594,0x5cb00e11c778ca770375624f56945f9a54a61dedc567094a9c362d03fb7f785a,76788.0
2026-05-26 15:34:05,1779802270,"Will the price of Bitcoin be above $76,000 on May 26?",bitcoin-above-76k-on-may-26-2026,Yes,TRADE,BUY,0.898,427.99,387.07917,101696400522904383879910424453274795510574484165894079507232485023663200731882,0x22ed13e57ec01b152f7738f3dfa416cc14ec0c29c83d34733ad4c330a794b187,76780.01
2026-05-26 15:34:05,1779802268,"Will the price of Bitcoin be above $76,000 on May 26?",bitcoin-above-76k-on-may-26-2026,Yes,TRADE,BUY,0.8967363445378151,228.48,206.36733,101696400522904383879910424453274795510574484165894079507232485023663200731882,0xeb797cb066ae5c819164aedc25a982e89c3e8238ad0c79056e10b17848582b8e,76780.01
2026-05-26 15:34:06,1779802268,"Will the price of Bitcoin be above $76,000 on May 26?",bitcoin-above-76k-on-may-26-2026,Yes,TRADE,BUY,0.8938398183204449,190.246613,171.31366799999998,101696400522904383879910424453274795510574484165894079507232485023663200731882,0xc991139f2d05be0ea467a7add83c12a7405f0a150e0d669cca9204f42e22945f,76780.01
2026-05-26 15:34:07,1779802268,"Will the price of Bitcoin be between $74,000 and $76,000 on May 26?",will-the-price-of-bitcoin-be-between-74000-76000-on-may-26-2026,No,TRADE,BUY,0.9050381676035973,151.153844,137.70934799999998,47600455615929490626163943130629826387064004292876452673926931722754065500594,0x49c4ec3e39999c9cbb9b3d15fbd103920f0f4b584c3c3e403342e1929b36e891,76780.01
2026-05-26 15:34:07,1779802260,"Will the price of Bitcoin be between $74,000 and $76,000 on May 26?",will-the-price-of-bitcoin-be-between-74000-76000-on-may-26-2026,No,TRADE,BUY,0.898,170,153.74999,47600455615929490626163943130629826387064004292876452673926931722754065500594,0xe4e2d58ba523370481246d5bd2a708d4ba19befa1d8ae683a57ebdd421ec9627,76780.01
2026-05-26 15:35:10,1779802461,"Will the price of Bitcoin be between $74,000 and $76,000 on May 26?",will-the-price-of-bitcoin-be-between-74000-76000-on-may-26-2026,No,TRADE,BUY,0.923,90,83.51773999999999,47600455615929490626163943130629826387064004292876452673926931722754065500594,0xac466b5cc430e9ae538247c038068c1db6620915ee7968892754b8faa158b847,76747.09
2026-05-26 15:36:32,1779802534,"Will the price of Bitcoin be between $76,000 and $78,000 on May 26?",will-the-price-of-bitcoin-be-between-76000-78000-on-may-26-2026,Yes,TRADE,BUY,0.89,248,222.41954,27816498921535806143796071076973933680747500966093816317112273250888220177007,0xd1656e638e82eefd73456ea164f9a20acb076e112d8793dccf58af5391fa9786,76843.06
2026-05-26 15:37:34,1779802571,"Will the price of Bitcoin be between $76,000 and $78,000 on May 26?",will-the-price-of-bitcoin-be-between-76000-78000-on-may-26-2026,Yes,TRADE,BUY,0.89,56.97,50.7033,27816498921535806143796071076973933680747500966093816317112273250888220177007,0x97ef73f232c63c11a549c6610cd448762fde85469ab5d56459bbbefedd7334c6,76860.0
2026-05-26 15:38:36,1779802638,"Will the price of Bitcoin be above $78,000 on May 26?",bitcoin-above-78k-on-may-26-2026,No,TRADE,BUY,0.9570000004782523,1996.854185,1910.989456,14658893069672317885388728058038617297662316167660245758411111871452668226283,0x034db489b1af7330d7fdeae8903a9af3100537fc272747ee53764b3a044eca7e,76884.91
2026-05-26 15:44:09,1779802876,"Will the price of Bitcoin be above $68,000 on June 1?",bitcoin-above-68k-on-june-1-2026,Yes,TRADE,BUY,0.9820000019986052,484.337776,475.619697,109231894032179224036942951384887557818487998649900048510276468180367642287264,0x301f4ac1ca70729926007e104e389c71998b7ade36a94048e629a3095f27379d,76883.91
2026-05-26 16:12:44,1779804225,"Will the price of Bitcoin be between $76,000 and $78,000 on May 26?",will-the-price-of-bitcoin-be-between-76000-78000-on-may-26-2026,Yes,TRADE,BUY,0.9,112.72,101.448,27816498921535806143796071076973933680747500966093816317112273250888220177007,0x2d322804f082d33b55e9623cf72a9460e41e3a9f6e24512fb8eb5884488db2a1,77324.0
2026-05-26 16:12:44,1779804139,"Will the price of Bitcoin be between $78,000 and $80,000 on May 26?",will-the-price-of-bitcoin-be-between-78000-80000-on-may-26-2026,No,TRADE,BUY,0.919,70,64.69475,89825981471271232929499222091693176490611251677486306330362067390787902252899,0xd9900dcd910858b5a05c6003581983ffd154da9371a9865af603ecc3de0ba989,77324.0
2026-05-26 16:12:44,1779804134,"Will the price of Bitcoin be between $78,000 and $80,000 on May 26?",will-the-price-of-bitcoin-be-between-78000-80000-on-may-26-2026,No,TRADE,BUY,0.913,70,64.29921,89825981471271232929499222091693176490611251677486306330362067390787902252899,0x691a26d049aee626286769aed8b43974c9930ecc9e7cee3195414e65b538e25c,77324.0
2026-05-26 16:12:44,1779804034,"Will the price of Bitcoin be between $78,000 and $80,000 on May 26?",will-the-price-of-bitcoin-be-between-78000-80000-on-may-26-2026,No,TRADE,BUY,0.921,74.36,68.86428000000001,89825981471271232929499222091693176490611251677486306330362067390787902252899,0xcd446258c2d14744c5cad679b06076048bc6f1c06f4e70ef0ada0fc2f4a1cd85,77324.0
2026-05-26 16:12:44,1779804031,"Will the price of Bitcoin be between $78,000 and $80,000 on May 26?",will-the-price-of-bitcoin-be-between-78000-80000-on-may-26-2026,No,TRADE,BUY,0.918,70,64.62885,89825981471271232929499222091693176490611251677486306330362067390787902252899,0x9a68eb63c2df17ee81e2b7858166f52c77ab915e44ff255e52d510d9b1163a0a,77324.0
2026-05-26 16:12:44,1779804017,"Will the price of Bitcoin be between $78,000 and $80,000 on May 26?",will-the-price-of-bitcoin-be-between-78000-80000-on-may-26-2026,No,TRADE,BUY,0.914,80,73.56018,89825981471271232929499222091693176490611251677486306330362067390787902252899,0x040c9c332dc87bf58434427bbd9e48b2b89ac7ca2f70ebd265d5742536f7cb09,77324.0
2026-05-26 16:12:44,1779803488,"Will the price of Bitcoin be above $76,000 on May 27?",bitcoin-above-76k-on-may-27-2026,Yes,TRADE,BUY,0.8200000004852178,1360.213887,1115.375388,11452247971958808712701469623218726810355626321287414963401459315628502831759,0x8803ee57f5a69d79a1a3acfff1bce36b2596b82fec13a0150e1ceda559f75b06,77324.0
2026-05-26 16:14:50,1779804834,"Will the price of Bitcoin be above $76,000 on May 27?",bitcoin-above-76k-on-may-27-2026,Yes,TRADE,BUY,0.85,491.11,421.82665,11452247971958808712701469623218726810355626321287414963401459315628502831759,0xabdc8e0be943ba9ce5c0391d5f90ba9062416517f13b26cacc74e6a3d6044002,77387.51
2026-05-26 16:14:50,1779804832,"Will Bitcoin dip to $76,000 on May 26?",will-bitcoin-dip-to-76k-on-may-26,No,TRADE,BUY,0.84,490,416.20992,50987338216969951008505288456910019329086863460806286922798729152089684008373,0x4a518887156197a7546e065b69a285013cad36ebd366a4e526348fc936ee71ff,77387.51
2026-05-26 16:14:50,1779804797,"Will the price of Bitcoin be above $76,000 on May 27?",bitcoin-above-76k-on-may-27-2026,Yes,TRADE,BUY,0.84,195,165.63456000000002,11452247971958808712701469623218726810355626321287414963401459315628502831759,0x55f706642b8b765422a7c4c8539158af6c205e769a8a9758d7ab54bf24a5ca19,77387.51
2026-05-26 16:16:05,1779804923,"Will the price of Bitcoin be above $78,000 on May 26?",bitcoin-above-78k-on-may-26-2026,No,TRADE,BUY,0.902,60,54.49126,14658893069672317885388728058038617297662316167660245758411111871452668226283,0x9c12bad4f9a9b4cbe73bc75595d0ac15a8c5a7c08aeb7e0ecfa7defa5f928019,77384.0
2026-05-26 16:16:05,1779804904,"Will the price of Bitcoin be above $76,000 on May 27?",bitcoin-above-76k-on-may-27-2026,Yes,TRADE,BUY,0.86,498,432.47713999999996,11452247971958808712701469623218726810355626321287414963401459315628502831759,0xb9d4b047baab3427fb53334888cc2c99f25409543d5a7a0a4830e6061be3a547,77384.0
2026-05-26 16:21:21,1779805214,"Will the price of Bitcoin be above $76,000 on May 27?",bitcoin-above-76k-on-may-27-2026,Yes,TRADE,BUY,0.89,82,73.54194000000001,11452247971958808712701469623218726810355626321287414963401459315628502831759,0x9f08a6876335b6351531382a1b4887b72368e7e6fbb52cba2fb2db2ae33c2508,77651.08
2026-05-26 16:21:21,1779805112,"Will the price of Bitcoin be above $76,000 on May 27?",bitcoin-above-76k-on-may-27-2026,Yes,TRADE,BUY,0.9,76.51,69.34101,11452247971958808712701469623218726810355626321287414963401459315628502831759,0x678f264c7d3ca189140afdae40bcfb1c9118640ad274482751898d339b1233c1,77651.08
2026-05-26 16:21:21,1779805112,"Will the price of Bitcoin be above $76,000 on May 27?",bitcoin-above-76k-on-may-27-2026,Yes,TRADE,BUY,0.9,749.33,679.1177700000001,11452247971958808712701469623218726810355626321287414963401459315628502831759,0x4685f1902b85942e3767c11369980fc61aacb9e3d185f59826697e36d1714baf,77651.08
2026-05-26 16:21:21,1779805110,"Will the price of Bitcoin be above $76,000 on May 27?",bitcoin-above-76k-on-may-27-2026,Yes,TRADE,BUY,0.89,79.51,71.30878000000001,11452247971958808712701469623218726810355626321287414963401459315628502831759,0xfa596a6459ffa32c3cecd545c367dd8ae80380839d54f2eb6c7e0b9ee99056ae,77651.08
2026-05-26 16:21:21,1779805110,"Will Bitcoin dip to $75,000 on May 26?",will-bitcoin-dip-to-75k-on-may-26,No,TRADE,BUY,0.9789866667958501,270.003666,264.718799,35701325402361690472974719083170587238625039680980034204420660906843274484966,0x463a14d048c5b19a5f415c390901d7947f4442ed8461c7ff525e316e21edae02,77651.08
2026-05-26 16:21:21,1779805110,"Will Bitcoin dip to $76,000 on May 26?",will-bitcoin-dip-to-76k-on-may-26,No,TRADE,BUY,0.91,498,456.03503,50987338216969951008505288456910019329086863460806286922798729152089684008373,0x87b5e2d243581334c2303bc5a6f64d8ed24e2d6afb0497c5c63c0b110ad44b71,77651.08
2026-05-26 16:21:21,1779805110,"Will the price of Bitcoin be above $74,000 on May 30?",bitcoin-above-74k-on-may-30-2026,Yes,TRADE,BUY,0.92,108,99.91641,40838109979356963647373198129407549557084730323349417881160368888698025882617,0x7a8583c1783d83e254ad9a675203845b78053c3a7714d19ae4cc1ed0faf8d42f,77651.08
2026-05-26 16:23:25,1779805361,"Will the price of Bitcoin be above $76,000 on May 27?",bitcoin-above-76k-on-may-27-2026,Yes,TRADE,BUY,0.9,600,540,11452247971958808712701469623218726810355626321287414963401459315628502831759,0x68853ccb11167b4a5a2c6970e37e71fbbbe4737322c17a89aca82f7573536440,77721.02
2026-05-26 16:24:27,1779805432,"Will the price of Bitcoin be above $74,000 on May 28?",bitcoin-above-74k-on-may-28-2026,Yes,TRADE,BUY,0.9760000005337235,1813.673332,1770.145173,61897347485699919838989917461637969800928606150033270095039515112022590429638,0x1d15aa147d010a7980e5fb241ebfbc0d8161ad9d2566e063b4cdfd6867b54744,77824.0
2026-05-26 16:24:27,1779805413,"Will the price of Bitcoin be above $76,000 on May 27?",bitcoin-above-76k-on-may-27-2026,Yes,TRADE,BUY,0.9,625,562.5,11452247971958808712701469623218726810355626321287414963401459315628502831759,0xf9b20fb0f9cd68d55cb3070db4f1dd2fe60eb1483684c8766bf518b225f1c29e,77824.0
2026-05-26 16:25:30,1779805473,"Will the price of Bitcoin be above $76,000 on May 27?",bitcoin-above-76k-on-may-27-2026,Yes,TRADE,BUY,0.92,70.43,65.15844999999999,11452247971958808712701469623218726810355626321287414963401459315628502831759,0xd97a924bed72583a10d580d5f61da22e5dc335714872cc6bfbda3f99b071324a,77963.26
2026-05-26 16:26:33,1779805567,"Will the price of Bitcoin be above $74,000 on May 28?",bitcoin-above-74k-on-may-28-2026,Yes,TRADE,BUY,0.98,230,225.71556,61897347485699919838989917461637969800928606150033270095039515112022590429638,0xdc42b96d4a23375f01a8c7ef9566064124321208825000619d02b9777ebfd157,77973.99
2026-05-26 16:26:33,1779805565,"Will Bitcoin reach $78,000 on May 26?",will-bitcoin-reach-78k-on-may-26,Yes,TRADE,BUY,0.97,100,97.2037,59120252726823730419227512109681413171973939635831683293821362732860980288279,0x9184ce9a90be492b23a2ddc0f3932194eae1412aa2abd3d8c19aca9a77c63508,77973.99
2026-05-26 16:26:33,1779805565,"Will Bitcoin reach $78,000 on May 26?",will-bitcoin-reach-78k-on-may-26,Yes,TRADE,BUY,0.98,208,204.12537,59120252726823730419227512109681413171973939635831683293821362732860980288279,0x0529024748e354f979a8e6c5ca769fe3387e10b8b3ca1f94f2488f467fa2d1ff,77973.99
2026-05-26 16:26:33,1779805553,"Will Bitcoin reach $78,000 on May 26?",will-bitcoin-reach-78k-on-may-26,Yes,TRADE,BUY,0.98,308,302.26257,59120252726823730419227512109681413171973939635831683293821362732860980288279,0x93a7f176513a09407d689d22e0fb33b21f46f72f292671627e63aceff4e04141,77973.99
2026-05-26 16:26:33,1779805551,"Will Bitcoin reach $78,000 on May 26?",will-bitcoin-reach-78k-on-may-26,Yes,TRADE,BUY,0.97,92,89.42739999999999,59120252726823730419227512109681413171973939635831683293821362732860980288279,0xafd8be18e6b3d4570bfb6bbfc5e91b2fc8f50778994743dec95ed7c7d50d23e3,77973.99
2026-05-26 16:26:33,1779805544,"Will Bitcoin reach $78,000 on May 26?",will-bitcoin-reach-78k-on-may-26,Yes,TRADE,BUY,0.95,300,285.9975,59120252726823730419227512109681413171973939635831683293821362732860980288279,0x722213e9c663ba7a89305df346a11ce931d818b8b44d2b8ba2e568ad02c562f3,77973.99
2026-05-26 16:26:33,1779805534,"Will the price of Bitcoin be above $76,000 on May 27?",bitcoin-above-76k-on-may-27-2026,Yes,TRADE,BUY,0.92,303.335,279.0682,11452247971958808712701469623218726810355626321287414963401459315628502831759,0x436067316aa366df885730cb6061784e1fad64e644277c841ce97ed0152240ba,77973.99
2026-05-26 16:26:33,1779805532,"Will Bitcoin reach $78,000 on May 26?",will-bitcoin-reach-78k-on-may-26,Yes,TRADE,BUY,0.9,100,90.63,59120252726823730419227512109681413171973939635831683293821362732860980288279,0xab123ca9197e2deff20a8933e53ee498c094ba774307cdcb56af940e85ba5858,77973.99
2026-05-26 16:26:33,1779805532,"Will the price of Bitcoin be above $76,000 on May 27?",bitcoin-above-76k-on-may-27-2026,Yes,TRADE,BUY,0.93,71,66.35354,11452247971958808712701469623218726810355626321287414963401459315628502831759,0x568a58b3380c834188fcb6861ff878a312a8e85b36679bd5095b3763d9cd78a3,77973.99
2026-05-26 16:26:33,1779805530,"Will Bitcoin reach $78,000 on May 26?",will-bitcoin-reach-78k-on-may-26,Yes,TRADE,BUY,0.9,72,65.25359999999999,59120252726823730419227512109681413171973939635831683293821362732860980288279,0xfad835ee4aa7b124c8c10ee6adec126cf1120fe4830ef0909967deff7ab75114,77973.99
2026-05-26 16:28:38,1779805683,"Will the price of Bitcoin be above $76,000 on May 27?",bitcoin-above-76k-on-may-27-2026,Yes,TRADE,BUY,0.93,100,93,11452247971958808712701469623218726810355626321287414963401459315628502831759,0x0cc9e8b05880d977ebf16673abb7c75c9997e0f572dc1344d7178151187407e3,77996.0
2026-05-26 16:28:38,1779805674,"Will the price of Bitcoin be above $76,000 on May 27?",bitcoin-above-76k-on-may-27-2026,Yes,TRADE,BUY,0.9300000053103449,165.714284,154.114285,11452247971958808712701469623218726810355626321287414963401459315628502831759,0xb9703718a44de9b0cec6e2e1a863723d620ec65f8138c37530f7515430b2d79e,77996.0
2026-05-26 16:30:42,1779805803,"Will the price of Bitcoin be above $76,000 on May 26?",bitcoin-above-76k-on-may-26-2026,Yes,TRADE,BUY,0.996,614.19,611.73324,101696400522904383879910424453274795510574484165894079507232485023663200731882,0xf29ba3d301b3ff54b2bb7051e2b0acec0e16c02a9be8e92d7c04f69fe92d89d2,77906.01
2026-05-26 16:30:42,1779805793,"Will the price of Bitcoin be above $76,000 on May 26?",bitcoin-above-76k-on-may-26-2026,Yes,TRADE,BUY,0.996,2645.91,2635.32636,101696400522904383879910424453274795510574484165894079507232485023663200731882,0x0dc26d708bbe00c6aa26427013e517aaeed7670faf5305ab679c5e5254dd2bee,77906.01
2026-05-26 16:46:15,1779806727,"Will the price of Bitcoin be above $76,000 on May 26?",bitcoin-above-76k-on-may-26-2026,Yes,TRADE,BUY,0.9673203143055235,129.81,125.85509,101696400522904383879910424453274795510574484165894079507232485023663200731882,0xf6414cbeca9ef668e90a60e3cdbcdfce3dd2f8a6e645e0e1f60df49d70d7eb0d,76855.78
2026-05-26 16:46:15,1779806726,"Will the price of Bitcoin be above $76,000 on May 26?",bitcoin-above-76k-on-may-26-2026,Yes,TRADE,BUY,0.9649999999783059,230.476657,222.95487400000002,101696400522904383879910424453274795510574484165894079507232485023663200731882,0x4f92c8891c606cb8e0be638d1e2f95107a4cd8621bc0d06ada59ae017b35c7d2,76855.78
2026-05-26 16:46:15,1779806726,"Will the price of Bitcoin be above $76,000 on May 26?",bitcoin-above-76k-on-may-26-2026,Yes,TRADE,BUY,0.9649999998338499,60.186514,58.222276,101696400522904383879910424453274795510574484165894079507232485023663200731882,0x95ed0c5b5004f035aa97f9a3e26fcd293478dab0b9841a0d15206142335fd7d1,76855.78
2026-05-26 16:46:15,1779806720,"Will the price of Bitcoin be above $76,000 on May 26?",bitcoin-above-76k-on-may-26-2026,Yes,TRADE,BUY,0.9650061850133465,100.310212,97.037085,101696400522904383879910424453274795510574484165894079507232485023663200731882,0x7c1ed5dd65b65999c8321d497e7b7d9c603f3830a6a6e2088fed1a904c0ae653,76855.78
2026-05-26 16:46:15,1779806696,"Will the price of Bitcoin be above $70,000 on May 31?",bitcoin-above-70k-on-may-31-2026,Yes,TRADE,BUY,0.9850000155079653,63.193332,62.245433,68138184466386916960543332469588163326439329663833797560657730250428651639620,0x07fe521ff16ccf9cc806e716a2b01f272508a8ecc2d897b9be43fd865c01e859,76855.78
2026-05-26 16:46:15,1779806677,"Will the price of Bitcoin be between $78,000 and $80,000 on May 26?",will-the-price-of-bitcoin-be-between-78000-80000-on-may-26-2026,No,TRADE,BUY,0.974,70,68.30408000000001,89825981471271232929499222091693176490611251677486306330362067390787902252899,0xba01a4067c02fd2a87837a5587fe699d26e98747fe0cbd5d0e6e8d5ec1b9b940,76855.78
2026-05-26 16:46:15,1779806664,"Will the price of Bitcoin be above $70,000 on May 31?",bitcoin-above-70k-on-may-31-2026,Yes,TRADE,BUY,0.9850000102905997,94.746665,93.325466,68138184466386916960543332469588163326439329663833797560657730250428651639620,0xe7095d134eacbc3fe26f4d9d04c483350f03b270c0b5db73b8123a3ea31da863,76855.78
2026-05-26 16:46:15,1779806619,"Will the price of Bitcoin be above $74,000 on May 27?",bitcoin-above-74k-on-may-27-2026,Yes,TRADE,BUY,0.9660000018696056,507.058822,489.818823,63017385734812225636043857338203187288165526850800705580175792230643752422302,0x2a8a6843bb4ba04896bd1b36c10ec94f8e81523a33a0adcae84249905b89b286,76855.78
2026-05-26 16:46:15,1779806600,"Will the price of Bitcoin be above $74,000 on May 27?",bitcoin-above-74k-on-may-27-2026,Yes,TRADE,BUY,0.9649999970744602,70.072537,67.785658,63017385734812225636043857338203187288165526850800705580175792230643752422302,0xaabca711703324a9ef12381a92a2f7f8ee53e485e0f025450297a785e8809b11,76855.78
2026-05-26 16:46:15,1779806594,"Will the price of Bitcoin be above $78,000 on May 26?",bitcoin-above-78k-on-may-26-2026,No,TRADE,BUY,0.98,260.2,254.996,14658893069672317885388728058038617297662316167660245758411111871452668226283,0x4dbc5b7144c8bf988b74e3841bf44a59f147dbca4940aea9735ffe39aa83a2e6,76855.78
2026-05-26 16:46:15,1779806593,"Will the price of Bitcoin be above $78,000 on May 26?",bitcoin-above-78k-on-may-26-2026,No,TRADE,BUY,0.98,350,343,14658893069672317885388728058038617297662316167660245758411111871452668226283,0x6a573363d622a62fcdf1ad5b3049f928cd0facc88bd0506e68e8c2cf50e8bfc7,76855.78
2026-05-26 16:46:15,1779806573,"Will the price of Bitcoin be above $78,000 on May 26?",bitcoin-above-78k-on-may-26-2026,No,TRADE,BUY,0.98,211.5,207.27,14658893069672317885388728058038617297662316167660245758411111871452668226283,0x75bf368c7fa575ba25f880b2867a20b532a693c5c11f84d084d5f4befb7387f0,76855.78
2026-05-26 16:46:15,1779806572,"Will the price of Bitcoin be between $78,000 and $80,000 on May 26?",will-the-price-of-bitcoin-be-between-78000-80000-on-may-26-2026,No,TRADE,BUY,0.975,60,58.60237,89825981471271232929499222091693176490611251677486306330362067390787902252899,0xc7377ebc7b1d9c5b90d4c40b21592e8fb81ba9100e356a456a41f03772f58e5e,76855.78
2026-05-26 16:46:15,1779806572,"Will the price of Bitcoin be above $78,000 on May 26?",bitcoin-above-78k-on-may-26-2026,No,TRADE,BUY,0.98,104.5,102.41,14658893069672317885388728058038617297662316167660245758411111871452668226283,0x3f3dfff4d2f2b30f37d8dfa88214780c4079c6fd7e3a7c69bead97cc980dac72,76855.78
2026-05-26 16:46:15,1779806572,"Will the price of Bitcoin be above $78,000 on May 26?",bitcoin-above-78k-on-may-26-2026,No,TRADE,BUY,0.980823731689701,70.012579,68.762169,14658893069672317885388728058038617297662316167660245758411111871452668226283,0x5ffe551c0de42b7784c9d9f3ff41bb978d282647908a4aff6bd0c1ef53e2cf48,76855.78
2026-05-26 16:46:15,1779806570,"Will the price of Bitcoin be between $78,000 and $80,000 on May 26?",will-the-price-of-bitcoin-be-between-78000-80000-on-may-26-2026,No,TRADE,BUY,0.976,70,68.43476999999999,89825981471271232929499222091693176490611251677486306330362067390787902252899,0x1543c6653ec826949be1edc63c43041c4af96d535419ff2f81cd186bb1220c3b,76855.78
2026-05-26 16:46:16,1779806563,"Will the price of Bitcoin be between $78,000 and $80,000 on May 26?",will-the-price-of-bitcoin-be-between-78000-80000-on-may-26-2026,No,TRADE,BUY,0.975,960,937.638,89825981471271232929499222091693176490611251677486306330362067390787902252899,0x746830092fa4b8d912b13032289839c9e3e517450ec98dd637fd37dd19f30a18,76855.78
2026-05-26 16:46:16,1779806563,"Will the price of Bitcoin be above $78,000 on May 26?",bitcoin-above-78k-on-may-26-2026,No,TRADE,BUY,0.98,180,176.64696,14658893069672317885388728058038617297662316167660245758411111871452668226283,0x278fca058f0e673a36b00c506a2110cc6ad9b0ead6c0ab2d4763fe6da2117c06,76855.78
2026-05-26 16:46:16,1779806563,"Will the price of Bitcoin be between $78,000 and $80,000 on May 26?",will-the-price-of-bitcoin-be-between-78000-80000-on-may-26-2026,No,TRADE,BUY,0.975,70,68.36943,89825981471271232929499222091693176490611251677486306330362067390787902252899,0xa580a14c951bee1e6c0de660f8e8fefed923616928853321cf65d2495e30dc93,76855.78
2026-05-26 16:46:16,1779806561,"Will the price of Bitcoin be between $78,000 and $80,000 on May 26?",will-the-price-of-bitcoin-be-between-78000-80000-on-may-26-2026,No,TRADE,BUY,0.974,70,68.30408000000001,89825981471271232929499222091693176490611251677486306330362067390787902252899,0x7814f15bd753f386e3ce7022ea4bb18378482816d35990bdeb8e49893e345b4a,76855.78
2026-05-26 16:46:16,1779806561,"Will the price of Bitcoin be above $78,000 on May 26?",bitcoin-above-78k-on-may-26-2026,No,TRADE,BUY,0.979,60,58.82634,14658893069672317885388728058038617297662316167660245758411111871452668226283,0x08dcdda09b527d66115c02d89216edc5b0c79b1ef55aeb7fe9280d289d57dd5a,76855.78
2026-05-26 16:46:16,1779806524,"Will the price of Bitcoin be above $78,000 on May 26?",bitcoin-above-78k-on-may-26-2026,No,TRADE,BUY,0.977,60,58.714369999999995,14658893069672317885388728058038617297662316167660245758411111871452668226283,0x53326e3bd44a6e895bcbc4eb13770c4a7ad008c7d14912ecaf2db2541bd758b9,76855.78
2026-05-26 16:47:20,1779806810,"Will Bitcoin dip to $74,000 on May 26?",will-bitcoin-dip-to-74k-on-may-26,No,TRADE,BUY,0.979,300,293.7,1034188038982879871903593270259950846534060585799730504818463593729413835825,0xfc72f1c63fc705b3e8832661239de8b973d87294043c447d6052ced86e35538f,76892.93
2026-05-26 16:47:20,1779806806,"Will the price of Bitcoin be between $78,000 and $80,000 on May 26?",will-the-price-of-bitcoin-be-between-78000-80000-on-may-26-2026,No,TRADE,BUY,0.976,80,78.21117,89825981471271232929499222091693176490611251677486306330362067390787902252899,0x06c9da99075db696a649657e4f08ecd72df2544261cc1f578bed545f573b63b5,76892.93
2026-05-26 16:47:20,1779806790,"Will the price of Bitcoin be between $78,000 and $80,000 on May 26?",will-the-price-of-bitcoin-be-between-78000-80000-on-may-26-2026,No,TRADE,BUY,0.976,70,68.43476999999999,89825981471271232929499222091693176490611251677486306330362067390787902252899,0xfb6c0fd3ea66aab4184a19863a45cd98ef5a3aa046c43e488080bdf2ddb6d64d,76892.93
2026-05-26 16:47:20,1779806789,"Will the price of Bitcoin be between $78,000 and $80,000 on May 26?",will-the-price-of-bitcoin-be-between-78000-80000-on-may-26-2026,No,TRADE,BUY,0.975,310,302.77893,89825981471271232929499222091693176490611251677486306330362067390787902252899,0xc40bcb48b0b7ec797acc86e264d87cc120553a182ec9188fdd9cecdbc8a3ffd6,76892.93
